wp-sitemap-posts-post-1	https://www.canatasha.com/unlocking-tax-savings-exploring-equity-linked-saving-schemes-elss/
wp-sitemap-posts-post-1	https://www.canatasha.com/unveiling-transparency-supreme-courts-directive-on-disclosure-of-electoral-bond-details/
wp-sitemap-posts-post-1	https://www.canatasha.com/maximizing-tax-benefits-understanding-section-80g-donations/
wp-sitemap-posts-post-1	https://www.canatasha.com/maximizing-tax-benefits-understanding-section-24-deductions-from-house-property-income/
wp-sitemap-posts-post-1	https://www.canatasha.com/unlock-the-secrets-of-nri-property-sales-in-india/
wp-sitemap-posts-post-1	https://www.canatasha.com/exploring-the-option-for-nris-to-opt-for-the-new-tax-regime-in-fy-2023-24-in-india/
wp-sitemap-posts-post-1	https://www.canatasha.com/demystifying-tcs-and-tds-understanding-the-differences/
wp-sitemap-posts-post-1	https://www.canatasha.com/mastering-itr-filing-deadlines-2024-your-comprehensive-guide/
wp-sitemap-posts-post-1	https://www.canatasha.com/understanding-house-rent-allowance-hra-and-its-tax-exemption/
wp-sitemap-posts-post-1	https://www.canatasha.com/tax-saving-strategies-for-salaried-employees-in-the-old-regime/
wp-sitemap-posts-post-1	https://www.canatasha.com/understanding-advance-tax-payment-and-the-need-to-file-itr/
wp-sitemap-posts-post-1	https://www.canatasha.com/understanding-the-rules-and-benefits-of-carrying-forward-losses-in-income-tax-returns/
wp-sitemap-posts-post-1	https://www.canatasha.com/demystifying-the-taxation-of-online-gaming-in-india/
wp-sitemap-posts-post-1	https://www.canatasha.com/dont-get-caught-off-guard-high-value-cash-transactions-tax-notices-in-india/
wp-sitemap-posts-post-1	https://www.canatasha.com/ensure-smooth-trade-update-your-iec-annually/
wp-sitemap-posts-post-1	https://www.canatasha.com/major-tax-relief-alert-understand-the-new-section-128a-amnesty-scheme-in-budget-2024/
wp-sitemap-posts-post-1	https://www.canatasha.com/big-tax-relief-for-real-estate-choose-your-ltcg-rate/
wp-sitemap-posts-post-1	https://www.canatasha.com/new-tds-rules-for-partners-in-firms-section-194t-explained/
wp-sitemap-posts-post-1	https://www.canatasha.com/hindu-undivided-family-huf-a-strategic-way-to-save-income-tax/
wp-sitemap-posts-post-1	https://www.canatasha.com/buying-property-from-an-nri-avoid-costly-mistakes/
wp-sitemap-posts-post-1	https://www.canatasha.com/understanding-section-73-of-cgst-act-key-to-tax-compliance/
wp-sitemap-posts-post-1	https://www.canatasha.com/overview-of-the-54th-gst-council-meeting-key-decisions-their-implications/
wp-sitemap-posts-post-1	https://www.canatasha.com/big-tds-rate-cuts-from-october-2024-what-you-need-to-know/
wp-sitemap-posts-post-1	https://www.canatasha.com/maha-kumbh-mela-2025-a-spiritual-and-economic-marvel%f0%9f%95%89%ef%b8%8f/
wp-sitemap-posts-post-1	https://www.canatasha.com/decoding-long-term-capital-gains/
wp-sitemap-posts-post-1	https://www.canatasha.com/invest-madhya-pradesh-global-investors-summit-2025-a-catalyst-for-growth/
wp-sitemap-posts-post-1	https://www.canatasha.com/a-family-that-plans-together-pays-less-tax-together/
wp-sitemap-posts-post-1	https://www.canatasha.com/madhya-pradesh-global-investors-summit-2025-paving-the-way-for-a-viksit-bharat/
wp-sitemap-posts-post-1	https://www.canatasha.com/madhya-pradeshs-giant-leap-%e2%82%b926-61-lakh-crore-investment-inflow-from-gis-2025/
wp-sitemap-posts-post-1	https://www.canatasha.com/new-dsc-rules-for-mp-tenders-signing-encryption-now-mandatory/
wp-sitemap-posts-post-1	https://www.canatasha.com/maximizing-tax-savings-on-long-term-capital-gains-a-comprehensive-guide/
wp-sitemap-posts-post-1	https://www.canatasha.com/itr-filing-deadline-extended-to-september-15-2025-more-time-for-accurate-returns/
wp-sitemap-posts-post-1	https://www.canatasha.com/7-key-points-every-salaried-employee-must-know-before-filing-income-tax-return-for-fy-2024-25/
wp-sitemap-posts-post-1	https://www.canatasha.com/isd-registration-now-mandatory-from-april-2025-dont-lose-your-gst-credit/
wp-sitemap-posts-post-1	https://www.canatasha.com/big-relief-on-tds-demands-due-to-pan-aadhaar-non-linking/
wp-sitemap-posts-post-1	https://www.canatasha.com/beyond-numbers-the-evolving-thought-process-of-a-chartered-accountant-firm/
wp-sitemap-posts-post-1	https://www.canatasha.com/why-your-gold-silver-just-got-more-precious-a-laymans-guide-by-ca-natasha-rajvaidya/
wp-sitemap-posts-page-1	https://www.canatasha.com/services/
wp-sitemap-posts-page-1	https://www.canatasha.com/training/
wp-sitemap-posts-page-1	https://www.canatasha.com/about/
wp-sitemap-posts-page-1	https://www.canatasha.com/blog/
wp-sitemap-posts-page-1	https://www.canatasha.com/
wp-sitemap-posts-page-1	https://www.canatasha.com/about-us/
wp-sitemap-posts-page-1	https://www.canatasha.com/contact-us/
wp-sitemap-posts-page-1	https://www.canatasha.com/financial-statement-audit/
wp-sitemap-posts-page-1	https://www.canatasha.com/bank-audit/
wp-sitemap-posts-page-1	https://www.canatasha.com/concurrent-audit/
wp-sitemap-posts-page-1	https://www.canatasha.com/stock-audit/
wp-sitemap-posts-page-1	https://www.canatasha.com/statutory-audit/
wp-sitemap-posts-page-1	https://www.canatasha.com/tax-audit/
wp-sitemap-posts-page-1	https://www.canatasha.com/trade-mark/
wp-sitemap-posts-page-1	https://www.canatasha.com/iso-certification/
wp-sitemap-posts-page-1	https://www.canatasha.com/pasara-security-license/
wp-sitemap-posts-page-1	https://www.canatasha.com/gst-appeals/
wp-sitemap-posts-page-1	https://www.canatasha.com/pf-fund-appeals/
wp-sitemap-posts-page-1	https://www.canatasha.com/esic-appeals/
wp-sitemap-posts-page-1	https://www.canatasha.com/professional-tax-ptrc-ptec/
wp-sitemap-posts-page-1	https://www.canatasha.com/railway-tender-registration/
wp-sitemap-posts-page-1	https://www.canatasha.com/food-license-fssai/
wp-sitemap-posts-page-1	https://www.canatasha.com/import-export-consultancy-iec-code/
wp-sitemap-posts-page-1	https://www.canatasha.com/trade-license/
wp-sitemap-posts-page-1	https://www.canatasha.com/secured-loan-unsecured-loan/
wp-sitemap-posts-page-1	https://www.canatasha.com/labour-law-compliances/
wp-sitemap-posts-page-1	https://www.canatasha.com/income-tax-appeals-tribunals/
wp-sitemap-posts-page-1	https://www.canatasha.com/mining-project-reports/
wp-sitemap-posts-page-1	https://www.canatasha.com/job-openings/
wp-sitemap-posts-page-1	https://www.canatasha.com/career/
wp-sitemap-posts-page-1	https://www.canatasha.com/terms-and-conditions/
wp-sitemap-posts-page-1	https://www.canatasha.com/privacy-policy/
wp-sitemap-posts-awsm_job_openings-1	https://www.canatasha.com/https-www-canatasha-com-career/ca-article-assistant/
wp-sitemap-taxonomies-category-1	https://www.canatasha.com/category/blog/
wp-sitemap-taxonomies-category-1	https://www.canatasha.com/category/travel/
wp-sitemap-taxonomies-category-1	https://www.canatasha.com/category/finance/
wp-sitemap-taxonomies-category-1	https://www.canatasha.com/category/income-tax/
wp-sitemap-taxonomies-category-1	https://www.canatasha.com/category/taxation/
wp-sitemap-taxonomies-post_tag-1	https://www.canatasha.com/tag/supreme-court/
wp-sitemap-taxonomies-post_tag-1	https://www.canatasha.com/tag/electrol-bond/
wp-sitemap-taxonomies-post_tag-1	https://www.canatasha.com/tag/political-funding/
wp-sitemap-taxonomies-post_tag-1	https://www.canatasha.com/tag/tax-money/
wp-sitemap-taxonomies-post_tag-1	https://www.canatasha.com/tag/ca-in-bhopal/
wp-sitemap-taxonomies-post_tag-1	https://www.canatasha.com/tag/election-2024/
wp-sitemap-taxonomies-post_tag-1	https://www.canatasha.com/tag/hra/
wp-sitemap-taxonomies-post_tag-1	https://www.canatasha.com/tag/tax-savings/
wp-sitemap-taxonomies-post_tag-1	https://www.canatasha.com/tag/income-tax/
wp-sitemap-taxonomies-post_tag-1	https://www.canatasha.com/tag/advance-tax-payment/
wp-sitemap-taxonomies-post_tag-1	https://www.canatasha.com/tag/filing-itr/
wp-sitemap-taxonomies-post_tag-1	https://www.canatasha.com/tag/tax-liability/
wp-sitemap-taxonomies-post_tag-1	https://www.canatasha.com/tag/carrying-forward-losses/
wp-sitemap-taxonomies-post_tag-1	https://www.canatasha.com/tag/income-tax-returns/
wp-sitemap-taxonomies-job-category-1	https://www.canatasha.com/job-category/ca-article-assistant/
wp-sitemap-taxonomies-job-type-1	https://www.canatasha.com/job-type/full-time/
wp-sitemap-taxonomies-job-location-1	https://www.canatasha.com/job-location/bhopal/
wp-sitemap-users-1	https://www.canatasha.com/author/ashish/
wp-sitemap-users-1	https://www.canatasha.com/author/rsvijaytiwari/
